{"cameraMode":{"drawMode":0,"name":"Shaded","section":"Shading Mode"},"sceneLighting":true,"audioPlay":false,"sceneViewState":{"showFog":true,"showMaterialUpdate":false,"showSkybox":true,"showFlares":true,"showImageEffects":true,"showParticleSystems":true},"in2DMode":false,"pivot":{"x":-6.356290817260742,"y":-13.081878662109375,"z":-1.91632080078125},"rotation":{"x":0.013910999521613121,"y":0.916042685508728,"z":-0.39956793189048769,"w":0.031892064958810809},"size":626.4260864257813,"orthographic":false}